component,component_rank,player_name,position,db_name,value
phase,1,Lideatrick Griffin,,1770000074,0.6978939734757968
phase,2,Tahj Washington,,1770000079,0.5059006980722408
phase,3,Malik Washington,,1770000078,0.4786598180535498
trigger,1,Isaac Rex,,1770000081,0.642896855496782
trigger,2,Malik Washington,,1770000078,0.5968255633816766
trigger,3,Mason Fairchild,,1770000132,0.5926609380270477
close,1,Tahj Washington,,1770000079,0.2865722533339043
close,2,Zach Heins,,1770000080,0.2222658297540703
close,3,Malik Washington,,1770000078,0.2069125184144005
